<?xml version="1.0" encoding="UTF-8"?><idempiere Name="WS_WebServiceType" Version="1.0.0" idempiereVersion="4.1.0.v20170529-0908" DataBaseVersion="2016-10-31" Description="" Author="MasterAdmin" AuthorEmail="habib.salhi@yandex.com" CreatedDate="Sun Jan 07 21:31:27 GST 2018" UpdatedDate="Sun Jan 07 21:31:27 GST 2018" PackOutVersion="100" UpdateDictionary="true" Client="1000000-MasterDB-MasterDB" AD_Client_UU="f34e335e-6945-43d3-a8b5-87f30258456a">
    <WS_WebServiceType type="table">
        <AD_Org_ID>0</AD_Org_ID>
        <Description/>
        <Help/>
        <IsActive>Y</IsActive>
        <Name>wp-queryUserRole</Name>
        <Value>wp-queryUserRole</Value>
        <WS_WebService_ID reference="id">50001</WS_WebService_ID>
        <WS_WebServiceMethod_ID reference="id">50028</WS_WebServiceMethod_ID>
        <AD_Table_ID reference="id">157</AD_Table_ID>
        <WS_WebServiceType_UU>ae592d3b-360f-4618-9e99-7d0afdd5ad67</WS_WebServiceType_UU>
        <WS_WebService_Para type="table">
            <AD_Org_ID>0</AD_Org_ID>
            <WS_WebServiceType_ID reference="uuid" reference-key="WS_WebServiceType">ae592d3b-360f-4618-9e99-7d0afdd5ad67</WS_WebServiceType_ID>
            <IsActive>Y</IsActive>
            <ParameterName>TableName</ParameterName>
            <ParameterType>C</ParameterType>
            <ConstantValue>AD_User_Roles</ConstantValue>
            <WS_WebService_Para_UU>c0e87c74-7d91-43ba-95b7-dd902878bd78</WS_WebService_Para_UU>
        </WS_WebService_Para>
        <WS_WebService_Para type="table">
            <AD_Org_ID>0</AD_Org_ID>
            <WS_WebServiceType_ID reference="uuid" reference-key="WS_WebServiceType">ae592d3b-360f-4618-9e99-7d0afdd5ad67</WS_WebServiceType_ID>
            <IsActive>Y</IsActive>
            <ParameterName>RecordID</ParameterName>
            <ParameterType>F</ParameterType>
            <ConstantValue>AD_User_Roles</ConstantValue>
            <WS_WebService_Para_UU>5aea8082-5fa0-4085-bd13-08c392a50986</WS_WebService_Para_UU>
        </WS_WebService_Para>
        <WS_WebService_Para type="table">
            <AD_Org_ID>0</AD_Org_ID>
            <WS_WebServiceType_ID reference="uuid" reference-key="WS_WebServiceType">ae592d3b-360f-4618-9e99-7d0afdd5ad67</WS_WebServiceType_ID>
            <IsActive>Y</IsActive>
            <ParameterName>Action</ParameterName>
            <ParameterType>C</ParameterType>
            <ConstantValue>Read</ConstantValue>
            <WS_WebService_Para_UU>a5d2628a-f9f9-41c1-898b-90a15c1b5b51</WS_WebService_Para_UU>
        </WS_WebService_Para>
        <WS_WebServiceFieldInput type="table">
            <AD_Org_ID>0</AD_Org_ID>
            <WS_WebServiceType_ID reference="uuid" reference-key="WS_WebServiceType">ae592d3b-360f-4618-9e99-7d0afdd5ad67</WS_WebServiceType_ID>
            <IsActive>Y</IsActive>
            <AD_Column_ID reference="id">971</AD_Column_ID>
            <AD_Reference_ID reference="id"/>
            <ColumnName/>
            <IdentifierLogic/>
            <IsIdentifier>N</IsIdentifier>
            <IsNullIdentifier>N</IsNullIdentifier>
            <WS_WebServiceFieldInput_UU>be191ee4-6bd3-47af-989d-ad18bf58b5bb</WS_WebServiceFieldInput_UU>
            <AD_Reference_Value_ID reference="id"/>
        </WS_WebServiceFieldInput>
        <WS_WebServiceFieldOutput type="table">
            <AD_Org_ID>0</AD_Org_ID>
            <AD_Column_ID reference="id">973</AD_Column_ID>
            <IsActive>Y</IsActive>
            <WS_WebServiceType_ID reference="uuid" reference-key="WS_WebServiceType">ae592d3b-360f-4618-9e99-7d0afdd5ad67</WS_WebServiceType_ID>
            <WS_WebServiceFieldOutput_UU>48ad0957-7089-4a6e-b29c-4ed1be477a1d</WS_WebServiceFieldOutput_UU>
        </WS_WebServiceFieldOutput>
        <WS_WebServiceFieldOutput type="table">
            <AD_Org_ID>0</AD_Org_ID>
            <AD_Column_ID reference="id">542</AD_Column_ID>
            <IsActive>Y</IsActive>
            <WS_WebServiceType_ID reference="uuid" reference-key="WS_WebServiceType">ae592d3b-360f-4618-9e99-7d0afdd5ad67</WS_WebServiceType_ID>
            <WS_WebServiceFieldOutput_UU>586ec295-e209-4767-881f-df8dcd771769</WS_WebServiceFieldOutput_UU>
        </WS_WebServiceFieldOutput>
        <WS_WebServiceFieldOutput type="table">
            <AD_Org_ID>0</AD_Org_ID>
            <AD_Column_ID reference="id">971</AD_Column_ID>
            <IsActive>Y</IsActive>
            <WS_WebServiceType_ID reference="uuid" reference-key="WS_WebServiceType">ae592d3b-360f-4618-9e99-7d0afdd5ad67</WS_WebServiceType_ID>
            <WS_WebServiceFieldOutput_UU>af91fa14-52bc-45ef-81a9-ff8c5df55163</WS_WebServiceFieldOutput_UU>
        </WS_WebServiceFieldOutput>
        <WS_WebServiceTypeAccess type="table">
            <AD_Org_ID>0</AD_Org_ID>
            <AD_Role_ID reference="uuid" reference-key="AD_Role">06099a90-afca-4b62-b9d3-22fd1fd62d26</AD_Role_ID>
            <WS_WebServiceType_ID reference="uuid" reference-key="WS_WebServiceType">ae592d3b-360f-4618-9e99-7d0afdd5ad67</WS_WebServiceType_ID>
            <IsActive>Y</IsActive>
            <IsReadWrite>Y</IsReadWrite>
            <WS_WebServiceTypeAccess_UU>fc2bcf16-0526-4682-980c-a641452e51af</WS_WebServiceTypeAccess_UU>
        </WS_WebServiceTypeAccess>
    </WS_WebServiceType>
</idempiere>
