<?xml version="1.0" encoding="UTF-8"?><?xml-stylesheet type="text/css" href="idempiereDocument.css"?><idempiereDocument>
    <header>WS_WebServiceType Package Description</header>
    <H1>Package Name:</H1>
    <packagename>WS_WebServiceType</packagename>
    <H1>Author:</H1>
    <Name:>GardenAdmin</Name:>
    <H1>Email Address:</H1>
    <Email>admin @ gardenworld.com</Email>
    <H1>Created:</H1>
    <Date>Wed Jan 24 23:38:06 GST 2018</Date>
    <H1>Updated:</H1>
    <Date>Wed Jan 24 23:38:06 GST 2018</Date>
    <H1>Description:</H1>
    <description/>
    <H1>Instructions:</H1>
    <instructions/>
    <H1>Files in Package:</H1>
    <file>File: PackOut.xml</file>
    <filedirectory>Directory: \dict\</filedirectory>
    <filenotes>Notes: Contains all application/object settings for package</filenotes>
    <H1>Client:</H1>
    <Client>11-GardenWorld-GardenWorld</Client>
</idempiereDocument>
