<?xml version="1.0" encoding="UTF-8"?><?xml-stylesheet type="text/css" href="idempiereDocument.css"?><idempiereDocument>
    <header>WS_WebServiceType Package Description</header>
    <H1>Package Name:</H1>
    <packagename>WS_WebServiceType</packagename>
    <H1>Author:</H1>
    <Name:>MasterAdmin</Name:>
    <H1>Email Address:</H1>
    <Email>habib.salhi@yandex.com</Email>
    <H1>Created:</H1>
    <Date>Mon Jan 15 23:56:51 GST 2018</Date>
    <H1>Updated:</H1>
    <Date>Mon Jan 15 23:56:51 GST 2018</Date>
    <H1>Description:</H1>
    <description/>
    <H1>Instructions:</H1>
    <instructions/>
    <H1>Files in Package:</H1>
    <file>File: PackOut.xml</file>
    <filedirectory>Directory: \dict\</filedirectory>
    <filenotes>Notes: Contains all application/object settings for package</filenotes>
    <H1>Client:</H1>
    <Client>1000000-MasterDB-MasterDB</Client>
</idempiereDocument>
