<?xml version="1.0" encoding="UTF-8"?><idempiere Name="WS_WebServiceType" Version="1.0.0" idempiereVersion="4.1.0.v20170529-0908" DataBaseVersion="2016-10-31" Description="" Author="GardenAdmin" AuthorEmail="admin @ gardenworld.com" CreatedDate="Sat Jan 27 22:42:27 GST 2018" UpdatedDate="Sat Jan 27 22:42:27 GST 2018" PackOutVersion="100" UpdateDictionary="true" Client="11-GardenWorld-GardenWorld" AD_Client_UU="3268b9a8-10d8-466d-96e5-aa01166408fa">
    <WS_WebServiceType type="table">
        <AD_Org_ID>0</AD_Org_ID>
        <Description/>
        <Help/>
        <IsActive>Y</IsActive>
        <Name>wp-userRQ</Name>
        <Value>wp-userRQ</Value>
        <WS_WebService_ID reference="id">50001</WS_WebService_ID>
        <WS_WebServiceMethod_ID reference="id">50024</WS_WebServiceMethod_ID>
        <AD_Table_ID reference="id">417</AD_Table_ID>
        <WS_WebServiceType_UU>dee9e0ff-9c54-44e3-abdc-afd39b3e23ce</WS_WebServiceType_UU>
        <WS_WebService_Para type="table">
            <AD_Org_ID>0</AD_Org_ID>
            <WS_WebServiceType_ID reference="uuid" reference-key="WS_WebServiceType">dee9e0ff-9c54-44e3-abdc-afd39b3e23ce</WS_WebServiceType_ID>
            <IsActive>Y</IsActive>
            <ParameterName>TableName</ParameterName>
            <ParameterType>C</ParameterType>
            <ConstantValue>R_Request</ConstantValue>
            <WS_WebService_Para_UU>ad4f30e2-a682-4069-b891-26dc8b3e8dc0</WS_WebService_Para_UU>
        </WS_WebService_Para>
        <WS_WebService_Para type="table">
            <AD_Org_ID>0</AD_Org_ID>
            <WS_WebServiceType_ID reference="uuid" reference-key="WS_WebServiceType">dee9e0ff-9c54-44e3-abdc-afd39b3e23ce</WS_WebServiceType_ID>
            <IsActive>Y</IsActive>
            <ParameterName>Action</ParameterName>
            <ParameterType>C</ParameterType>
            <ConstantValue>Create</ConstantValue>
            <WS_WebService_Para_UU>09e53200-7580-43cd-994f-fa0cbcbc7f5c</WS_WebService_Para_UU>
        </WS_WebService_Para>
        <WS_WebService_Para type="table">
            <AD_Org_ID>0</AD_Org_ID>
            <WS_WebServiceType_ID reference="uuid" reference-key="WS_WebServiceType">dee9e0ff-9c54-44e3-abdc-afd39b3e23ce</WS_WebServiceType_ID>
            <IsActive>Y</IsActive>
            <ParameterName>RecordID</ParameterName>
            <ParameterType>F</ParameterType>
            <ConstantValue/>
            <WS_WebService_Para_UU>867cbf7f-b6b8-48b3-9059-d27598e68b6a</WS_WebService_Para_UU>
        </WS_WebService_Para>
        <WS_WebServiceFieldInput type="table">
            <AD_Org_ID>0</AD_Org_ID>
            <WS_WebServiceType_ID reference="uuid" reference-key="WS_WebServiceType">dee9e0ff-9c54-44e3-abdc-afd39b3e23ce</WS_WebServiceType_ID>
            <IsActive>Y</IsActive>
            <AD_Column_ID reference="id">7791</AD_Column_ID>
            <AD_Reference_ID reference="id"/>
            <ColumnName/>
            <IdentifierLogic/>
            <IsIdentifier>N</IsIdentifier>
            <IsNullIdentifier>N</IsNullIdentifier>
            <WS_WebServiceFieldInput_UU>ef085f31-2a04-4f21-a87a-474f643a611c</WS_WebServiceFieldInput_UU>
            <AD_Reference_Value_ID reference="id"/>
        </WS_WebServiceFieldInput>
        <WS_WebServiceFieldInput type="table">
            <AD_Org_ID>0</AD_Org_ID>
            <WS_WebServiceType_ID reference="uuid" reference-key="WS_WebServiceType">dee9e0ff-9c54-44e3-abdc-afd39b3e23ce</WS_WebServiceType_ID>
            <IsActive>Y</IsActive>
            <AD_Column_ID reference="id">13483</AD_Column_ID>
            <AD_Reference_ID reference="id"/>
            <ColumnName/>
            <IdentifierLogic/>
            <IsIdentifier>N</IsIdentifier>
            <IsNullIdentifier>N</IsNullIdentifier>
            <WS_WebServiceFieldInput_UU>0e27cc79-8e25-4cd2-b50a-6ab9c9790bda</WS_WebServiceFieldInput_UU>
            <AD_Reference_Value_ID reference="id"/>
        </WS_WebServiceFieldInput>
        <WS_WebServiceFieldInput type="table">
            <AD_Org_ID>0</AD_Org_ID>
            <WS_WebServiceType_ID reference="uuid" reference-key="WS_WebServiceType">dee9e0ff-9c54-44e3-abdc-afd39b3e23ce</WS_WebServiceType_ID>
            <IsActive>Y</IsActive>
            <AD_Column_ID reference="id">5428</AD_Column_ID>
            <AD_Reference_ID reference="id"/>
            <ColumnName/>
            <IdentifierLogic/>
            <IsIdentifier>N</IsIdentifier>
            <IsNullIdentifier>N</IsNullIdentifier>
            <WS_WebServiceFieldInput_UU>a316574f-a801-4be7-af99-85bbf2697d8f</WS_WebServiceFieldInput_UU>
            <AD_Reference_Value_ID reference="id"/>
        </WS_WebServiceFieldInput>
        <WS_WebServiceFieldInput type="table">
            <AD_Org_ID>0</AD_Org_ID>
            <WS_WebServiceType_ID reference="uuid" reference-key="WS_WebServiceType">dee9e0ff-9c54-44e3-abdc-afd39b3e23ce</WS_WebServiceType_ID>
            <IsActive>Y</IsActive>
            <AD_Column_ID reference="id">5432</AD_Column_ID>
            <AD_Reference_ID reference="id"/>
            <ColumnName/>
            <IdentifierLogic/>
            <IsIdentifier>N</IsIdentifier>
            <IsNullIdentifier>N</IsNullIdentifier>
            <WS_WebServiceFieldInput_UU>7323f76d-70b7-4dd4-97a7-712470c9416a</WS_WebServiceFieldInput_UU>
            <AD_Reference_Value_ID reference="id"/>
        </WS_WebServiceFieldInput>
        <WS_WebServiceFieldInput type="table">
            <AD_Org_ID>0</AD_Org_ID>
            <WS_WebServiceType_ID reference="uuid" reference-key="WS_WebServiceType">dee9e0ff-9c54-44e3-abdc-afd39b3e23ce</WS_WebServiceType_ID>
            <IsActive>Y</IsActive>
            <AD_Column_ID reference="id">5433</AD_Column_ID>
            <AD_Reference_ID reference="id"/>
            <ColumnName/>
            <IdentifierLogic/>
            <IsIdentifier>N</IsIdentifier>
            <IsNullIdentifier>N</IsNullIdentifier>
            <WS_WebServiceFieldInput_UU>728ed74f-f1e0-4760-b234-2d36a6d9f065</WS_WebServiceFieldInput_UU>
            <AD_Reference_Value_ID reference="id"/>
        </WS_WebServiceFieldInput>
        <WS_WebServiceFieldInput type="table">
            <AD_Org_ID>0</AD_Org_ID>
            <WS_WebServiceType_ID reference="uuid" reference-key="WS_WebServiceType">dee9e0ff-9c54-44e3-abdc-afd39b3e23ce</WS_WebServiceType_ID>
            <IsActive>Y</IsActive>
            <AD_Column_ID reference="id">13078</AD_Column_ID>
            <AD_Reference_ID reference="id"/>
            <ColumnName/>
            <IdentifierLogic/>
            <IsIdentifier>N</IsIdentifier>
            <IsNullIdentifier>N</IsNullIdentifier>
            <WS_WebServiceFieldInput_UU>423c07f1-01e3-4f5f-8390-ec39ac18b69c</WS_WebServiceFieldInput_UU>
            <AD_Reference_Value_ID reference="id"/>
        </WS_WebServiceFieldInput>
        <WS_WebServiceFieldInput type="table">
            <AD_Org_ID>0</AD_Org_ID>
            <WS_WebServiceType_ID reference="uuid" reference-key="WS_WebServiceType">dee9e0ff-9c54-44e3-abdc-afd39b3e23ce</WS_WebServiceType_ID>
            <IsActive>Y</IsActive>
            <AD_Column_ID reference="id">13079</AD_Column_ID>
            <AD_Reference_ID reference="id"/>
            <ColumnName/>
            <IdentifierLogic/>
            <IsIdentifier>N</IsIdentifier>
            <IsNullIdentifier>N</IsNullIdentifier>
            <WS_WebServiceFieldInput_UU>d17efae2-6763-4616-9a8e-c926296368c3</WS_WebServiceFieldInput_UU>
            <AD_Reference_Value_ID reference="id"/>
        </WS_WebServiceFieldInput>
        <WS_WebServiceFieldInput type="table">
            <AD_Org_ID>0</AD_Org_ID>
            <WS_WebServiceType_ID reference="uuid" reference-key="WS_WebServiceType">dee9e0ff-9c54-44e3-abdc-afd39b3e23ce</WS_WebServiceType_ID>
            <IsActive>Y</IsActive>
            <AD_Column_ID reference="id">5434</AD_Column_ID>
            <AD_Reference_ID reference="id"/>
            <ColumnName/>
            <IdentifierLogic/>
            <IsIdentifier>N</IsIdentifier>
            <IsNullIdentifier>N</IsNullIdentifier>
            <WS_WebServiceFieldInput_UU>1a420f40-231d-4ebd-820a-18e8f746477c</WS_WebServiceFieldInput_UU>
            <AD_Reference_Value_ID reference="id"/>
        </WS_WebServiceFieldInput>
        <WS_WebServiceFieldInput type="table">
            <AD_Org_ID>0</AD_Org_ID>
            <WS_WebServiceType_ID reference="uuid" reference-key="WS_WebServiceType">dee9e0ff-9c54-44e3-abdc-afd39b3e23ce</WS_WebServiceType_ID>
            <IsActive>Y</IsActive>
            <AD_Column_ID reference="id">5426</AD_Column_ID>
            <AD_Reference_ID reference="id"/>
            <ColumnName/>
            <IdentifierLogic/>
            <IsIdentifier>N</IsIdentifier>
            <IsNullIdentifier>N</IsNullIdentifier>
            <WS_WebServiceFieldInput_UU>1a45d150-7805-4d62-bb12-8935a18074ee</WS_WebServiceFieldInput_UU>
            <AD_Reference_Value_ID reference="id"/>
        </WS_WebServiceFieldInput>
        <WS_WebServiceTypeAccess type="table">
            <AD_Org_ID>0</AD_Org_ID>
            <AD_Role_ID reference="id">0</AD_Role_ID>
            <WS_WebServiceType_ID reference="uuid" reference-key="WS_WebServiceType">dee9e0ff-9c54-44e3-abdc-afd39b3e23ce</WS_WebServiceType_ID>
            <IsActive>Y</IsActive>
            <IsReadWrite>Y</IsReadWrite>
            <WS_WebServiceTypeAccess_UU>b053c609-ceff-4438-9099-0b065ffc73aa</WS_WebServiceTypeAccess_UU>
        </WS_WebServiceTypeAccess>
        <WS_WebServiceTypeAccess type="table">
            <AD_Org_ID>0</AD_Org_ID>
            <AD_Role_ID reference="id">50004</AD_Role_ID>
            <WS_WebServiceType_ID reference="uuid" reference-key="WS_WebServiceType">dee9e0ff-9c54-44e3-abdc-afd39b3e23ce</WS_WebServiceType_ID>
            <IsActive>Y</IsActive>
            <IsReadWrite>Y</IsReadWrite>
            <WS_WebServiceTypeAccess_UU>eadc9bec-a792-4929-bfed-e5787a27f13e</WS_WebServiceTypeAccess_UU>
        </WS_WebServiceTypeAccess>
    </WS_WebServiceType>
</idempiere>
