<?xml version="1.0" encoding="UTF-8"?><idempiere Name="WS_WebServiceType" Version="1.0.0" idempiereVersion="4.1.0.v20170529-0908" DataBaseVersion="2016-10-31" Description="" Author="MasterAdmin" AuthorEmail="habib.salhi@yandex.com" CreatedDate="Tue Jan 16 22:23:21 GST 2018" UpdatedDate="Tue Jan 16 22:23:21 GST 2018" PackOutVersion="100" UpdateDictionary="true" Client="1000000-MasterDB-MasterDB" AD_Client_UU="f34e335e-6945-43d3-a8b5-87f30258456a">
    <WS_WebServiceType type="table">
        <AD_Org_ID>0</AD_Org_ID>
        <Description/>
        <Help/>
        <IsActive>Y</IsActive>
        <Name>wp-queryBP</Name>
        <Value>wp-queryBP</Value>
        <WS_WebService_ID reference="id">50001</WS_WebService_ID>
        <WS_WebServiceMethod_ID reference="id">50028</WS_WebServiceMethod_ID>
        <AD_Table_ID reference="id">291</AD_Table_ID>
        <WS_WebServiceType_UU>7768cab0-8600-45c8-b3e2-4f88be25e69b</WS_WebServiceType_UU>
        <WS_WebService_Para type="table">
            <AD_Org_ID>0</AD_Org_ID>
            <WS_WebServiceType_ID reference="uuid" reference-key="WS_WebServiceType">7768cab0-8600-45c8-b3e2-4f88be25e69b</WS_WebServiceType_ID>
            <IsActive>Y</IsActive>
            <ParameterName>Action</ParameterName>
            <ParameterType>C</ParameterType>
            <ConstantValue>Read</ConstantValue>
            <WS_WebService_Para_UU>fc6a0885-ca59-46da-9f61-2a2a61fc47f4</WS_WebService_Para_UU>
        </WS_WebService_Para>
        <WS_WebService_Para type="table">
            <AD_Org_ID>0</AD_Org_ID>
            <WS_WebServiceType_ID reference="uuid" reference-key="WS_WebServiceType">7768cab0-8600-45c8-b3e2-4f88be25e69b</WS_WebServiceType_ID>
            <IsActive>Y</IsActive>
            <ParameterName>TableName</ParameterName>
            <ParameterType>C</ParameterType>
            <ConstantValue>C_BPartner</ConstantValue>
            <WS_WebService_Para_UU>bf2065ee-ff08-4672-b350-bd424629718a</WS_WebService_Para_UU>
        </WS_WebService_Para>
        <WS_WebService_Para type="table">
            <AD_Org_ID>0</AD_Org_ID>
            <WS_WebServiceType_ID reference="uuid" reference-key="WS_WebServiceType">7768cab0-8600-45c8-b3e2-4f88be25e69b</WS_WebServiceType_ID>
            <IsActive>Y</IsActive>
            <ParameterName>RecordID</ParameterName>
            <ParameterType>F</ParameterType>
            <ConstantValue/>
            <WS_WebService_Para_UU>f7e9c148-c3c0-40c2-ad69-f41f97b0ba91</WS_WebService_Para_UU>
        </WS_WebService_Para>
        <WS_WebServiceFieldInput type="table">
            <AD_Org_ID>0</AD_Org_ID>
            <WS_WebServiceType_ID reference="uuid" reference-key="WS_WebServiceType">7768cab0-8600-45c8-b3e2-4f88be25e69b</WS_WebServiceType_ID>
            <IsActive>Y</IsActive>
            <AD_Column_ID reference="id">2902</AD_Column_ID>
            <AD_Reference_ID reference="id"/>
            <ColumnName/>
            <IdentifierLogic/>
            <IsIdentifier>N</IsIdentifier>
            <IsNullIdentifier>N</IsNullIdentifier>
            <WS_WebServiceFieldInput_UU>04ab8c06-ff9c-4a53-a064-84b8a1ce1e31</WS_WebServiceFieldInput_UU>
            <AD_Reference_Value_ID reference="id"/>
        </WS_WebServiceFieldInput>
        <WS_WebServiceFieldInput type="table">
            <AD_Org_ID>0</AD_Org_ID>
            <WS_WebServiceType_ID reference="uuid" reference-key="WS_WebServiceType">7768cab0-8600-45c8-b3e2-4f88be25e69b</WS_WebServiceType_ID>
            <IsActive>Y</IsActive>
            <AD_Column_ID reference="id">2901</AD_Column_ID>
            <AD_Reference_ID reference="id"/>
            <ColumnName/>
            <IdentifierLogic/>
            <IsIdentifier>N</IsIdentifier>
            <IsNullIdentifier>N</IsNullIdentifier>
            <WS_WebServiceFieldInput_UU>36e758e5-fef5-44a7-984d-86f34f9c3b90</WS_WebServiceFieldInput_UU>
            <AD_Reference_Value_ID reference="id"/>
        </WS_WebServiceFieldInput>
        <WS_WebServiceFieldInput type="table">
            <AD_Org_ID>0</AD_Org_ID>
            <WS_WebServiceType_ID reference="uuid" reference-key="WS_WebServiceType">7768cab0-8600-45c8-b3e2-4f88be25e69b</WS_WebServiceType_ID>
            <IsActive>Y</IsActive>
            <AD_Column_ID reference="id">2893</AD_Column_ID>
            <AD_Reference_ID reference="id">30</AD_Reference_ID>
            <ColumnName/>
            <IdentifierLogic/>
            <IsIdentifier>N</IsIdentifier>
            <IsNullIdentifier>N</IsNullIdentifier>
            <WS_WebServiceFieldInput_UU>8033d2c8-bbdf-4c8e-9bdd-95b7b02e906f</WS_WebServiceFieldInput_UU>
            <AD_Reference_Value_ID reference="id">138</AD_Reference_Value_ID>
        </WS_WebServiceFieldInput>
        <WS_WebServiceFieldInput type="table">
            <AD_Org_ID>0</AD_Org_ID>
            <WS_WebServiceType_ID reference="uuid" reference-key="WS_WebServiceType">7768cab0-8600-45c8-b3e2-4f88be25e69b</WS_WebServiceType_ID>
            <IsActive>Y</IsActive>
            <AD_Column_ID reference="id">10927</AD_Column_ID>
            <AD_Reference_ID reference="id">11</AD_Reference_ID>
            <ColumnName/>
            <IdentifierLogic>@SQL = select  bp.AD_OrgBP_ID from C_BPartner bp where bp.AD_OrgBP_ID &gt; 0</IdentifierLogic>
            <IsIdentifier>N</IsIdentifier>
            <IsNullIdentifier>N</IsNullIdentifier>
            <WS_WebServiceFieldInput_UU>0ab75021-88cd-4604-a2ef-56344de5cf03</WS_WebServiceFieldInput_UU>
            <AD_Reference_Value_ID reference="id"/>
        </WS_WebServiceFieldInput>
        <WS_WebServiceFieldInput type="table">
            <AD_Org_ID>0</AD_Org_ID>
            <WS_WebServiceType_ID reference="uuid" reference-key="WS_WebServiceType">7768cab0-8600-45c8-b3e2-4f88be25e69b</WS_WebServiceType_ID>
            <IsActive>Y</IsActive>
            <AD_Column_ID reference="id">4940</AD_Column_ID>
            <AD_Reference_ID reference="id"/>
            <ColumnName/>
            <IdentifierLogic/>
            <IsIdentifier>N</IsIdentifier>
            <IsNullIdentifier>N</IsNullIdentifier>
            <WS_WebServiceFieldInput_UU>3941aa7a-b9f3-445a-8cf3-ab43961b37cb</WS_WebServiceFieldInput_UU>
            <AD_Reference_Value_ID reference="id"/>
        </WS_WebServiceFieldInput>
        <WS_WebServiceFieldOutput type="table">
            <AD_Org_ID>0</AD_Org_ID>
            <AD_Column_ID reference="id">2893</AD_Column_ID>
            <IsActive>Y</IsActive>
            <WS_WebServiceType_ID reference="uuid" reference-key="WS_WebServiceType">7768cab0-8600-45c8-b3e2-4f88be25e69b</WS_WebServiceType_ID>
            <WS_WebServiceFieldOutput_UU>e70fb6c2-da47-46b9-ae33-44fadbc93f01</WS_WebServiceFieldOutput_UU>
        </WS_WebServiceFieldOutput>
        <WS_WebServiceFieldOutput type="table">
            <AD_Org_ID>0</AD_Org_ID>
            <AD_Column_ID reference="id">2902</AD_Column_ID>
            <IsActive>Y</IsActive>
            <WS_WebServiceType_ID reference="uuid" reference-key="WS_WebServiceType">7768cab0-8600-45c8-b3e2-4f88be25e69b</WS_WebServiceType_ID>
            <WS_WebServiceFieldOutput_UU>34b872cb-df4d-4360-9610-2b72d80c55c1</WS_WebServiceFieldOutput_UU>
        </WS_WebServiceFieldOutput>
        <WS_WebServiceFieldOutput type="table">
            <AD_Org_ID>0</AD_Org_ID>
            <AD_Column_ID reference="id">2901</AD_Column_ID>
            <IsActive>N</IsActive>
            <WS_WebServiceType_ID reference="uuid" reference-key="WS_WebServiceType">7768cab0-8600-45c8-b3e2-4f88be25e69b</WS_WebServiceType_ID>
            <WS_WebServiceFieldOutput_UU>954c1917-7f99-41eb-9ceb-74bd99256828</WS_WebServiceFieldOutput_UU>
        </WS_WebServiceFieldOutput>
        <WS_WebServiceTypeAccess type="table">
            <AD_Org_ID>0</AD_Org_ID>
            <AD_Role_ID reference="uuid" reference-key="AD_Role">06099a90-afca-4b62-b9d3-22fd1fd62d26</AD_Role_ID>
            <WS_WebServiceType_ID reference="uuid" reference-key="WS_WebServiceType">7768cab0-8600-45c8-b3e2-4f88be25e69b</WS_WebServiceType_ID>
            <IsActive>Y</IsActive>
            <IsReadWrite>Y</IsReadWrite>
            <WS_WebServiceTypeAccess_UU>26e5ca31-06bf-4faa-9135-f938820d4424</WS_WebServiceTypeAccess_UU>
        </WS_WebServiceTypeAccess>
    </WS_WebServiceType>
</idempiere>
