<?xml version="1.0" encoding="UTF-8"?><idempiere Name="WS_WebServiceType" Version="1.0.0" idempiereVersion="4.1.0.v20170529-0908" DataBaseVersion="2016-10-31" Description="" Author="GardenAdmin" AuthorEmail="admin @ gardenworld.com" CreatedDate="Wed Jan 24 23:38:06 GST 2018" UpdatedDate="Wed Jan 24 23:38:06 GST 2018" PackOutVersion="100" UpdateDictionary="true" Client="11-GardenWorld-GardenWorld" AD_Client_UU="3268b9a8-10d8-466d-96e5-aa01166408fa">
    <WS_WebServiceType type="table">
        <AD_Org_ID>0</AD_Org_ID>
        <Description/>
        <Help/>
        <IsActive>Y</IsActive>
        <Name>wp-queryOrders</Name>
        <Value>wp-queryOrders</Value>
        <WS_WebService_ID reference="id">50001</WS_WebService_ID>
        <WS_WebServiceMethod_ID reference="id">50028</WS_WebServiceMethod_ID>
        <AD_Table_ID reference="id">259</AD_Table_ID>
        <WS_WebServiceType_UU>e0e5006c-a29e-4b2b-999c-094361057e4d</WS_WebServiceType_UU>
        <WS_WebService_Para type="table">
            <AD_Org_ID>0</AD_Org_ID>
            <WS_WebServiceType_ID reference="uuid" reference-key="WS_WebServiceType">e0e5006c-a29e-4b2b-999c-094361057e4d</WS_WebServiceType_ID>
            <IsActive>Y</IsActive>
            <ParameterName>TableName</ParameterName>
            <ParameterType>C</ParameterType>
            <ConstantValue>C_Order</ConstantValue>
            <WS_WebService_Para_UU>01b8eb4e-611b-4290-953d-23b47d4d4eb0</WS_WebService_Para_UU>
        </WS_WebService_Para>
        <WS_WebService_Para type="table">
            <AD_Org_ID>0</AD_Org_ID>
            <WS_WebServiceType_ID reference="uuid" reference-key="WS_WebServiceType">e0e5006c-a29e-4b2b-999c-094361057e4d</WS_WebServiceType_ID>
            <IsActive>Y</IsActive>
            <ParameterName>RecordID</ParameterName>
            <ParameterType>F</ParameterType>
            <ConstantValue/>
            <WS_WebService_Para_UU>fef7c6f3-65f3-4111-9440-9433c2f45fb3</WS_WebService_Para_UU>
        </WS_WebService_Para>
        <WS_WebService_Para type="table">
            <AD_Org_ID>0</AD_Org_ID>
            <WS_WebServiceType_ID reference="uuid" reference-key="WS_WebServiceType">e0e5006c-a29e-4b2b-999c-094361057e4d</WS_WebServiceType_ID>
            <IsActive>Y</IsActive>
            <ParameterName>Action</ParameterName>
            <ParameterType>C</ParameterType>
            <ConstantValue>Read</ConstantValue>
            <WS_WebService_Para_UU>ab5b5de7-b8f4-446d-af9d-5965fa45b31b</WS_WebService_Para_UU>
        </WS_WebService_Para>
        <WS_WebServiceFieldInput type="table">
            <AD_Org_ID>0</AD_Org_ID>
            <WS_WebServiceType_ID reference="uuid" reference-key="WS_WebServiceType">e0e5006c-a29e-4b2b-999c-094361057e4d</WS_WebServiceType_ID>
            <IsActive>Y</IsActive>
            <AD_Column_ID reference="id">2762</AD_Column_ID>
            <AD_Reference_ID reference="id"/>
            <ColumnName/>
            <IdentifierLogic/>
            <IsIdentifier>Y</IsIdentifier>
            <IsNullIdentifier>N</IsNullIdentifier>
            <WS_WebServiceFieldInput_UU>4f3859bc-700f-4572-bbaa-01e1f6a44e03</WS_WebServiceFieldInput_UU>
            <AD_Reference_Value_ID reference="id"/>
        </WS_WebServiceFieldInput>
        <WS_WebServiceFieldOutput type="table">
            <AD_Org_ID>0</AD_Org_ID>
            <AD_Column_ID reference="id">2169</AD_Column_ID>
            <IsActive>Y</IsActive>
            <WS_WebServiceType_ID reference="uuid" reference-key="WS_WebServiceType">e0e5006c-a29e-4b2b-999c-094361057e4d</WS_WebServiceType_ID>
            <WS_WebServiceFieldOutput_UU>14abd675-8fe9-4d2c-9b2b-0d500890c128</WS_WebServiceFieldOutput_UU>
        </WS_WebServiceFieldOutput>
        <WS_WebServiceFieldOutput type="table">
            <AD_Org_ID>0</AD_Org_ID>
            <AD_Column_ID reference="id">2181</AD_Column_ID>
            <IsActive>Y</IsActive>
            <WS_WebServiceType_ID reference="uuid" reference-key="WS_WebServiceType">e0e5006c-a29e-4b2b-999c-094361057e4d</WS_WebServiceType_ID>
            <WS_WebServiceFieldOutput_UU>e84caa57-c378-4c0e-b282-bdd8ec53cb94</WS_WebServiceFieldOutput_UU>
        </WS_WebServiceFieldOutput>
        <WS_WebServiceFieldOutput type="table">
            <AD_Org_ID>0</AD_Org_ID>
            <AD_Column_ID reference="id">2174</AD_Column_ID>
            <IsActive>Y</IsActive>
            <WS_WebServiceType_ID reference="uuid" reference-key="WS_WebServiceType">e0e5006c-a29e-4b2b-999c-094361057e4d</WS_WebServiceType_ID>
            <WS_WebServiceFieldOutput_UU>fa41b7b0-a9e9-4cff-b178-2ab5b8ea1497</WS_WebServiceFieldOutput_UU>
        </WS_WebServiceFieldOutput>
        <WS_WebServiceFieldOutput type="table">
            <AD_Org_ID>0</AD_Org_ID>
            <AD_Column_ID reference="id">2201</AD_Column_ID>
            <IsActive>Y</IsActive>
            <WS_WebServiceType_ID reference="uuid" reference-key="WS_WebServiceType">e0e5006c-a29e-4b2b-999c-094361057e4d</WS_WebServiceType_ID>
            <WS_WebServiceFieldOutput_UU>918c9d48-a296-45c7-ad0f-68abb983a25d</WS_WebServiceFieldOutput_UU>
        </WS_WebServiceFieldOutput>
        <WS_WebServiceTypeAccess type="table">
            <AD_Org_ID>0</AD_Org_ID>
            <AD_Role_ID reference="id">50004</AD_Role_ID>
            <WS_WebServiceType_ID reference="uuid" reference-key="WS_WebServiceType">e0e5006c-a29e-4b2b-999c-094361057e4d</WS_WebServiceType_ID>
            <IsActive>Y</IsActive>
            <IsReadWrite>Y</IsReadWrite>
            <WS_WebServiceTypeAccess_UU>0a841ddc-a122-4282-ab75-f6d2fafdfa6f</WS_WebServiceTypeAccess_UU>
        </WS_WebServiceTypeAccess>
    </WS_WebServiceType>
</idempiere>
