<?xml version="1.0" encoding="UTF-8"?><idempiere Name="WS_WebServiceType" Version="1.0.0" idempiereVersion="4.1.0.v20170529-0908" DataBaseVersion="2016-10-31" Description="" Author="MasterAdmin" AuthorEmail="habib.salhi@yandex.com" CreatedDate="Mon Jan 15 23:57:40 GST 2018" UpdatedDate="Mon Jan 15 23:57:40 GST 2018" PackOutVersion="100" UpdateDictionary="true" Client="1000000-MasterDB-MasterDB" AD_Client_UU="f34e335e-6945-43d3-a8b5-87f30258456a">
    <WS_WebServiceType type="table">
        <AD_Org_ID>0</AD_Org_ID>
        <Description/>
        <Help/>
        <IsActive>Y</IsActive>
        <Name>wp-AddUserRole</Name>
        <Value>wp-AddUserRole</Value>
        <WS_WebService_ID reference="id">50001</WS_WebService_ID>
        <WS_WebServiceMethod_ID reference="id">50024</WS_WebServiceMethod_ID>
        <AD_Table_ID reference="id">157</AD_Table_ID>
        <WS_WebServiceType_UU>d8219e2a-345a-471b-a7c7-f7c775d9a0e9</WS_WebServiceType_UU>
        <WS_WebService_Para type="table">
            <AD_Org_ID>0</AD_Org_ID>
            <WS_WebServiceType_ID reference="uuid" reference-key="WS_WebServiceType">d8219e2a-345a-471b-a7c7-f7c775d9a0e9</WS_WebServiceType_ID>
            <IsActive>Y</IsActive>
            <ParameterName>TableName</ParameterName>
            <ParameterType>C</ParameterType>
            <ConstantValue>AD_User_Roles</ConstantValue>
            <WS_WebService_Para_UU>5235ea66-24ad-4535-abac-66c011f2f995</WS_WebService_Para_UU>
        </WS_WebService_Para>
        <WS_WebService_Para type="table">
            <AD_Org_ID>0</AD_Org_ID>
            <WS_WebServiceType_ID reference="uuid" reference-key="WS_WebServiceType">d8219e2a-345a-471b-a7c7-f7c775d9a0e9</WS_WebServiceType_ID>
            <IsActive>Y</IsActive>
            <ParameterName>Action</ParameterName>
            <ParameterType>C</ParameterType>
            <ConstantValue>Create</ConstantValue>
            <WS_WebService_Para_UU>92f3cf67-cd4c-451b-828c-44230ffe5ede</WS_WebService_Para_UU>
        </WS_WebService_Para>
        <WS_WebService_Para type="table">
            <AD_Org_ID>0</AD_Org_ID>
            <WS_WebServiceType_ID reference="uuid" reference-key="WS_WebServiceType">d8219e2a-345a-471b-a7c7-f7c775d9a0e9</WS_WebServiceType_ID>
            <IsActive>Y</IsActive>
            <ParameterName>RecordID</ParameterName>
            <ParameterType>F</ParameterType>
            <ConstantValue/>
            <WS_WebService_Para_UU>64c8c1cb-db07-43df-bcd9-0cbe6fe5ed3c</WS_WebService_Para_UU>
        </WS_WebService_Para>
        <WS_WebServiceFieldInput type="table">
            <AD_Org_ID>0</AD_Org_ID>
            <WS_WebServiceType_ID reference="uuid" reference-key="WS_WebServiceType">d8219e2a-345a-471b-a7c7-f7c775d9a0e9</WS_WebServiceType_ID>
            <IsActive>Y</IsActive>
            <AD_Column_ID reference="id">542</AD_Column_ID>
            <AD_Reference_ID reference="id"/>
            <ColumnName/>
            <IdentifierLogic/>
            <IsIdentifier>N</IsIdentifier>
            <IsNullIdentifier>N</IsNullIdentifier>
            <WS_WebServiceFieldInput_UU>3bb76f65-39d4-4543-b7ba-3c2947c57215</WS_WebServiceFieldInput_UU>
            <AD_Reference_Value_ID reference="id"/>
        </WS_WebServiceFieldInput>
        <WS_WebServiceFieldInput type="table">
            <AD_Org_ID>0</AD_Org_ID>
            <WS_WebServiceType_ID reference="uuid" reference-key="WS_WebServiceType">d8219e2a-345a-471b-a7c7-f7c775d9a0e9</WS_WebServiceType_ID>
            <IsActive>Y</IsActive>
            <AD_Column_ID reference="id">971</AD_Column_ID>
            <AD_Reference_ID reference="id"/>
            <ColumnName/>
            <IdentifierLogic/>
            <IsIdentifier>N</IsIdentifier>
            <IsNullIdentifier>N</IsNullIdentifier>
            <WS_WebServiceFieldInput_UU>6f90d6a5-621d-40c6-ae04-874a1a6e9ec0</WS_WebServiceFieldInput_UU>
            <AD_Reference_Value_ID reference="id"/>
        </WS_WebServiceFieldInput>
        <WS_WebServiceTypeAccess type="table">
            <AD_Org_ID>0</AD_Org_ID>
            <AD_Role_ID reference="uuid" reference-key="AD_Role">06099a90-afca-4b62-b9d3-22fd1fd62d26</AD_Role_ID>
            <WS_WebServiceType_ID reference="uuid" reference-key="WS_WebServiceType">d8219e2a-345a-471b-a7c7-f7c775d9a0e9</WS_WebServiceType_ID>
            <IsActive>Y</IsActive>
            <IsReadWrite>Y</IsReadWrite>
            <WS_WebServiceTypeAccess_UU>f0931e45-3b29-44be-9d00-29e0d1f2f759</WS_WebServiceTypeAccess_UU>
        </WS_WebServiceTypeAccess>
    </WS_WebServiceType>
</idempiere>
