<?xml version="1.0" encoding="UTF-8"?><idempiere Name="WS_WebServiceType" Version="1.0.0" idempiereVersion="4.1.0.v20170529-0908" DataBaseVersion="2016-10-31" Description="" Author="MasterAdmin" AuthorEmail="habib.salhi@yandex.com" CreatedDate="Mon Jan 15 23:56:51 GST 2018" UpdatedDate="Mon Jan 15 23:56:51 GST 2018" PackOutVersion="100" UpdateDictionary="true" Client="1000000-MasterDB-MasterDB" AD_Client_UU="f34e335e-6945-43d3-a8b5-87f30258456a">
    <WS_WebServiceType type="table">
        <AD_Org_ID>0</AD_Org_ID>
        <Description/>
        <Help/>
        <IsActive>Y</IsActive>
        <Name>wp-compositeWrapper</Name>
        <Value>wp-compositeWrapper</Value>
        <WS_WebService_ID reference="id">200001</WS_WebService_ID>
        <WS_WebServiceMethod_ID reference="id">200001</WS_WebServiceMethod_ID>
        <AD_Table_ID reference="id"/>
        <WS_WebServiceType_UU>c61a8eff-f5b2-4d05-b80f-660ccaf86835</WS_WebServiceType_UU>
        <WS_WebServiceTypeAccess type="table">
            <AD_Org_ID>0</AD_Org_ID>
            <AD_Role_ID reference="uuid" reference-key="AD_Role">06099a90-afca-4b62-b9d3-22fd1fd62d26</AD_Role_ID>
            <WS_WebServiceType_ID reference="uuid" reference-key="WS_WebServiceType">c61a8eff-f5b2-4d05-b80f-660ccaf86835</WS_WebServiceType_ID>
            <IsActive>Y</IsActive>
            <IsReadWrite>Y</IsReadWrite>
            <WS_WebServiceTypeAccess_UU>053ead46-2371-419d-8752-bba38dd9421e</WS_WebServiceTypeAccess_UU>
        </WS_WebServiceTypeAccess>
    </WS_WebServiceType>
</idempiere>
