<?xml version="1.0" encoding="UTF-8"?><idempiere Name="WS_WebServiceType" Version="1.0.0" idempiereVersion="4.1.0.v20170529-0908" DataBaseVersion="2016-10-31" Description="" Author="MasterAdmin" AuthorEmail="habib.salhi@yandex.com" CreatedDate="Sun Jan 07 21:27:36 GST 2018" UpdatedDate="Sun Jan 07 21:27:36 GST 2018" PackOutVersion="100" UpdateDictionary="true" Client="1000000-MasterDB-MasterDB" AD_Client_UU="f34e335e-6945-43d3-a8b5-87f30258456a">
    <WS_WebServiceType type="table">
        <AD_Org_ID>0</AD_Org_ID>
        <Description/>
        <Help/>
        <IsActive>Y</IsActive>
        <Name>wp-queryUsers</Name>
        <Value>wp-queryUsers</Value>
        <WS_WebService_ID reference="id">50001</WS_WebService_ID>
        <WS_WebServiceMethod_ID reference="id">50028</WS_WebServiceMethod_ID>
        <AD_Table_ID reference="id">114</AD_Table_ID>
        <WS_WebServiceType_UU>a63859fe-667c-4aa7-91e0-9a603ec60cee</WS_WebServiceType_UU>
        <WS_WebService_Para type="table">
            <AD_Org_ID>0</AD_Org_ID>
            <WS_WebServiceType_ID reference="uuid" reference-key="WS_WebServiceType">a63859fe-667c-4aa7-91e0-9a603ec60cee</WS_WebServiceType_ID>
            <IsActive>Y</IsActive>
            <ParameterName>Action</ParameterName>
            <ParameterType>C</ParameterType>
            <ConstantValue>Read</ConstantValue>
            <WS_WebService_Para_UU>9d9c9560-5bbc-44bb-abc0-c85d7c32b4fb</WS_WebService_Para_UU>
        </WS_WebService_Para>
        <WS_WebService_Para type="table">
            <AD_Org_ID>0</AD_Org_ID>
            <WS_WebServiceType_ID reference="uuid" reference-key="WS_WebServiceType">a63859fe-667c-4aa7-91e0-9a603ec60cee</WS_WebServiceType_ID>
            <IsActive>Y</IsActive>
            <ParameterName>TableName</ParameterName>
            <ParameterType>C</ParameterType>
            <ConstantValue>AD_User</ConstantValue>
            <WS_WebService_Para_UU>37a32b91-9f43-4369-a2d4-aef01c4fc5f1</WS_WebService_Para_UU>
        </WS_WebService_Para>
        <WS_WebService_Para type="table">
            <AD_Org_ID>0</AD_Org_ID>
            <WS_WebServiceType_ID reference="uuid" reference-key="WS_WebServiceType">a63859fe-667c-4aa7-91e0-9a603ec60cee</WS_WebServiceType_ID>
            <IsActive>Y</IsActive>
            <ParameterName>RecordID</ParameterName>
            <ParameterType>F</ParameterType>
            <ConstantValue/>
            <WS_WebService_Para_UU>cd4a951b-eb5d-4e6a-8ba9-f89f4e9dd6d9</WS_WebService_Para_UU>
        </WS_WebService_Para>
        <WS_WebServiceFieldInput type="table">
            <AD_Org_ID>0</AD_Org_ID>
            <WS_WebServiceType_ID reference="uuid" reference-key="WS_WebServiceType">a63859fe-667c-4aa7-91e0-9a603ec60cee</WS_WebServiceType_ID>
            <IsActive>Y</IsActive>
            <AD_Column_ID reference="id">212</AD_Column_ID>
            <AD_Reference_ID reference="id"/>
            <ColumnName/>
            <IdentifierLogic/>
            <IsIdentifier>N</IsIdentifier>
            <IsNullIdentifier>N</IsNullIdentifier>
            <WS_WebServiceFieldInput_UU>d720a090-2d11-4c38-ac22-28c93fc34696</WS_WebServiceFieldInput_UU>
            <AD_Reference_Value_ID reference="id"/>
        </WS_WebServiceFieldInput>
        <WS_WebServiceFieldInput type="table">
            <AD_Org_ID>0</AD_Org_ID>
            <WS_WebServiceType_ID reference="uuid" reference-key="WS_WebServiceType">a63859fe-667c-4aa7-91e0-9a603ec60cee</WS_WebServiceType_ID>
            <IsActive>Y</IsActive>
            <AD_Column_ID reference="id">5396</AD_Column_ID>
            <AD_Reference_ID reference="id"/>
            <ColumnName/>
            <IdentifierLogic/>
            <IsIdentifier>N</IsIdentifier>
            <IsNullIdentifier>N</IsNullIdentifier>
            <WS_WebServiceFieldInput_UU>efdd5884-6f83-4882-9894-5eae9ae65741</WS_WebServiceFieldInput_UU>
            <AD_Reference_Value_ID reference="id"/>
        </WS_WebServiceFieldInput>
        <WS_WebServiceFieldInput type="table">
            <AD_Org_ID>0</AD_Org_ID>
            <WS_WebServiceType_ID reference="uuid" reference-key="WS_WebServiceType">a63859fe-667c-4aa7-91e0-9a603ec60cee</WS_WebServiceType_ID>
            <IsActive>Y</IsActive>
            <AD_Column_ID reference="id">15975</AD_Column_ID>
            <AD_Reference_ID reference="id"/>
            <ColumnName/>
            <IdentifierLogic/>
            <IsIdentifier>N</IsIdentifier>
            <IsNullIdentifier>N</IsNullIdentifier>
            <WS_WebServiceFieldInput_UU>f1d5ef76-bfdb-455f-b895-6b1404bfd9aa</WS_WebServiceFieldInput_UU>
            <AD_Reference_Value_ID reference="id"/>
        </WS_WebServiceFieldInput>
        <WS_WebServiceFieldOutput type="table">
            <AD_Org_ID>0</AD_Org_ID>
            <AD_Column_ID reference="id">423</AD_Column_ID>
            <IsActive>Y</IsActive>
            <WS_WebServiceType_ID reference="uuid" reference-key="WS_WebServiceType">a63859fe-667c-4aa7-91e0-9a603ec60cee</WS_WebServiceType_ID>
            <WS_WebServiceFieldOutput_UU>82e121f6-fb61-468c-b2a1-3fc42a5336f3</WS_WebServiceFieldOutput_UU>
        </WS_WebServiceFieldOutput>
        <WS_WebServiceFieldOutput type="table">
            <AD_Org_ID>0</AD_Org_ID>
            <AD_Column_ID reference="id">212</AD_Column_ID>
            <IsActive>Y</IsActive>
            <WS_WebServiceType_ID reference="uuid" reference-key="WS_WebServiceType">a63859fe-667c-4aa7-91e0-9a603ec60cee</WS_WebServiceType_ID>
            <WS_WebServiceFieldOutput_UU>e503cf5d-a991-4523-9714-f87f27ae0699</WS_WebServiceFieldOutput_UU>
        </WS_WebServiceFieldOutput>
        <WS_WebServiceFieldOutput type="table">
            <AD_Org_ID>0</AD_Org_ID>
            <AD_Column_ID reference="id">5396</AD_Column_ID>
            <IsActive>Y</IsActive>
            <WS_WebServiceType_ID reference="uuid" reference-key="WS_WebServiceType">a63859fe-667c-4aa7-91e0-9a603ec60cee</WS_WebServiceType_ID>
            <WS_WebServiceFieldOutput_UU>f1e2172e-3451-4f94-b441-464192678e2c</WS_WebServiceFieldOutput_UU>
        </WS_WebServiceFieldOutput>
        <WS_WebServiceFieldOutput type="table">
            <AD_Org_ID>0</AD_Org_ID>
            <AD_Column_ID reference="id">213</AD_Column_ID>
            <IsActive>Y</IsActive>
            <WS_WebServiceType_ID reference="uuid" reference-key="WS_WebServiceType">a63859fe-667c-4aa7-91e0-9a603ec60cee</WS_WebServiceType_ID>
            <WS_WebServiceFieldOutput_UU>e8de70de-a646-433a-9816-45e267e4017f</WS_WebServiceFieldOutput_UU>
        </WS_WebServiceFieldOutput>
        <WS_WebServiceFieldOutput type="table">
            <AD_Org_ID>0</AD_Org_ID>
            <AD_Column_ID reference="id">9884</AD_Column_ID>
            <IsActive>Y</IsActive>
            <WS_WebServiceType_ID reference="uuid" reference-key="WS_WebServiceType">a63859fe-667c-4aa7-91e0-9a603ec60cee</WS_WebServiceType_ID>
            <WS_WebServiceFieldOutput_UU>3d7b04f9-5be7-4e5e-a7d3-775ee85a83a3</WS_WebServiceFieldOutput_UU>
        </WS_WebServiceFieldOutput>
        <WS_WebServiceFieldOutput type="table">
            <AD_Org_ID>0</AD_Org_ID>
            <AD_Column_ID reference="id">8747</AD_Column_ID>
            <IsActive>Y</IsActive>
            <WS_WebServiceType_ID reference="uuid" reference-key="WS_WebServiceType">a63859fe-667c-4aa7-91e0-9a603ec60cee</WS_WebServiceType_ID>
            <WS_WebServiceFieldOutput_UU>4a07fbd9-5b44-46f4-a37c-0b030e4bb5f1</WS_WebServiceFieldOutput_UU>
        </WS_WebServiceFieldOutput>
        <WS_WebServiceFieldOutput type="table">
            <AD_Org_ID>0</AD_Org_ID>
            <AD_Column_ID reference="id">8744</AD_Column_ID>
            <IsActive>Y</IsActive>
            <WS_WebServiceType_ID reference="uuid" reference-key="WS_WebServiceType">a63859fe-667c-4aa7-91e0-9a603ec60cee</WS_WebServiceType_ID>
            <WS_WebServiceFieldOutput_UU>aa06ef87-135c-4921-afb9-5ee2755bf29e</WS_WebServiceFieldOutput_UU>
        </WS_WebServiceFieldOutput>
        <WS_WebServiceFieldOutput type="table">
            <AD_Org_ID>0</AD_Org_ID>
            <AD_Column_ID reference="id">200404</AD_Column_ID>
            <IsActive>Y</IsActive>
            <WS_WebServiceType_ID reference="uuid" reference-key="WS_WebServiceType">a63859fe-667c-4aa7-91e0-9a603ec60cee</WS_WebServiceType_ID>
            <WS_WebServiceFieldOutput_UU>09ba263a-c269-4e05-ade8-77d63a9e1913</WS_WebServiceFieldOutput_UU>
        </WS_WebServiceFieldOutput>
        <WS_WebServiceFieldOutput type="table">
            <AD_Org_ID>0</AD_Org_ID>
            <AD_Column_ID reference="id">417</AD_Column_ID>
            <IsActive>Y</IsActive>
            <WS_WebServiceType_ID reference="uuid" reference-key="WS_WebServiceType">a63859fe-667c-4aa7-91e0-9a603ec60cee</WS_WebServiceType_ID>
            <WS_WebServiceFieldOutput_UU>8153aff1-046e-4f3e-815a-42c3f2497e91</WS_WebServiceFieldOutput_UU>
        </WS_WebServiceFieldOutput>
        <WS_WebServiceFieldOutput type="table">
            <AD_Org_ID>0</AD_Org_ID>
            <AD_Column_ID reference="id">15975</AD_Column_ID>
            <IsActive>Y</IsActive>
            <WS_WebServiceType_ID reference="uuid" reference-key="WS_WebServiceType">a63859fe-667c-4aa7-91e0-9a603ec60cee</WS_WebServiceType_ID>
            <WS_WebServiceFieldOutput_UU>6d761ae6-82c1-4515-b240-d1e08fd64047</WS_WebServiceFieldOutput_UU>
        </WS_WebServiceFieldOutput>
        <WS_WebServiceFieldOutput type="table">
            <AD_Org_ID>0</AD_Org_ID>
            <AD_Column_ID reference="id">5844</AD_Column_ID>
            <IsActive>Y</IsActive>
            <WS_WebServiceType_ID reference="uuid" reference-key="WS_WebServiceType">a63859fe-667c-4aa7-91e0-9a603ec60cee</WS_WebServiceType_ID>
            <WS_WebServiceFieldOutput_UU>e7184ede-461f-4a02-be92-c015b656ac08</WS_WebServiceFieldOutput_UU>
        </WS_WebServiceFieldOutput>
        <WS_WebServiceTypeAccess type="table">
            <AD_Org_ID>0</AD_Org_ID>
            <AD_Role_ID reference="uuid" reference-key="AD_Role">06099a90-afca-4b62-b9d3-22fd1fd62d26</AD_Role_ID>
            <WS_WebServiceType_ID reference="uuid" reference-key="WS_WebServiceType">a63859fe-667c-4aa7-91e0-9a603ec60cee</WS_WebServiceType_ID>
            <IsActive>Y</IsActive>
            <IsReadWrite>Y</IsReadWrite>
            <WS_WebServiceTypeAccess_UU>54eff128-1f3b-4eb4-b92c-8025e9845c1e</WS_WebServiceTypeAccess_UU>
        </WS_WebServiceTypeAccess>
    </WS_WebServiceType>
</idempiere>
